timestamp,label,hand_x_px,hand_y_px,shoulder_x_px,shoulder_y_px,elbow_x_px,elbow_y_px,wrist_x_px,wrist_y_px,elbow_angle_deg,marker_x_px,marker_y_px,marker_distance_cm,hand_marker_dist_px,hand_speed_px_per_s,approach_speed_cm_per_s
1783321865.6221626,safe,355.3910827636719,536.6467666625977,718.4209442138672,606.728081703186,664.2756652832031,825.9784126281738,406.46728515625,529.5126485824585,54.88241489449324,,,,,71.42564950314004,0.0
1783321865.6848266,safe,360.22178649902344,540.990571975708,711.6831970214844,610.2442216873169,675.5235290527344,824.5780849456787,404.74658966064453,526.9272565841675,51.86924881192931,,,,,103.67170419520608,0.0
1783321865.7477942,safe,378.21949005126953,545.8518505096436,712.9106903076172,611.4241361618042,689.9048614501953,819.2199325561523,416.71653747558594,530.251350402832,49.70977238177453,,,,,296.06804039524405,0.0
1783321865.8714058,safe,699.4697570800781,510.22430419921875,721.0710144042969,626.8307018280029,819.0903472900391,781.1981391906738,685.2059936523438,528.7740325927734,4.473259558339576,,,,,5153.352784779461,0.0
1783321865.9373357,safe,771.7676544189453,497.5619173049927,716.9457244873047,629.3188905715942,828.6717224121094,766.7555809020996,748.6476898193359,533.0833339691162,20.204172812252832,,,,,1113.2792591673704,0.0
1783321865.9991367,safe,951.2412261962891,530.1493835449219,717.6726531982422,650.3721714019775,896.746826171875,843.986291885376,912.8845977783203,542.2424983978271,45.82717221504985,,,,,2951.541285599778,0.0
1783321866.0583348,safe,965.8758544921875,536.1318683624268,717.1339416503906,657.0477819442749,912.1061706542969,883.5958671569824,941.90673828125,548.3727407455444,45.79611484246985,,,,,267.0725998939143,0.0
1783321866.119944,safe,972.7334594726562,538.8254070281982,717.0077514648438,666.3329458236694,923.9441680908203,915.1824188232422,954.5452117919922,564.1181659698486,44.727665402000504,,,,,119.58630759469543,0.0
1783321866.1824062,safe,976.7950439453125,539.7286033630371,716.6911315917969,669.8091316223145,923.6377716064453,910.4474830627441,960.6330871582031,567.5481748580933,46.85301795817455,,,,,66.61315605121688,0.0
1783321866.2391582,safe,966.09375,546.1095142364502,716.0286712646484,674.5445394515991,920.7303619384766,914.4381809234619,939.2609405517578,569.4969606399536,43.54921735928191,,,,,219.53921746654862,0.0
1783321867.3455315,safe,352.07191467285156,530.4384613037109,717.6118469238281,636.8510055541992,693.3335876464844,765.1266002655029,394.53208923339844,517.2525072097778,61.03961408693758,,,,,84.106651081699,0.0
1783321867.4157557,safe,364.4630813598633,532.993426322937,722.1113586425781,635.5811834335327,707.9095458984375,802.6662826538086,407.5728988647461,518.3222579956055,51.425125974996845,,,,,180.1632039573422,0.0
1783321867.478654,safe,381.7913055419922,533.8891983032227,722.9238891601562,635.8181619644165,711.6921997070312,804.4447803497314,416.1165237426758,512.4156045913696,49.15646883990023,,,,,275.86438452428547,0.0
1783321867.5398743,safe,537.7142715454102,562.47802734375,727.0686340332031,636.1635875701904,799.3023681640625,868.2748317718506,544.8175048828125,546.1086988449097,21.019543885211366,,,,,2589.368822535969,0.0
1783321867.6067963,safe,554.9759292602539,535.4286575317383,728.1702423095703,636.5182399749756,850.1713562011719,797.8714370727539,626.9831466674805,544.4305372238159,4.274814345923171,,,,,479.48242480540057,0.0
1783321867.7317734,safe,1024.4269561767578,509.52220916748047,740.8666229248047,660.8982753753662,1055.9440612792969,839.9253845214844,1012.1646881103516,524.2789506912231,52.4983422968447,,,,,7453.693383449906,0.0
1783321867.7916431,safe,1077.734603881836,534.2079305648804,744.0816497802734,672.2619581222534,1069.9237060546875,884.0910243988037,1060.8412170410156,528.1023645401001,55.51071606280966,,,,,981.2294837917373,0.0
1783321867.852034,safe,1102.2331237792969,543.813157081604,749.5256805419922,675.5613327026367,1063.261947631836,882.7823638916016,1087.7132415771484,543.8464164733887,60.68170966388625,,,,,435.73108611914824,0.0
1783321867.91294,safe,1113.9865112304688,554.1632652282715,752.2917175292969,676.4674043655396,1050.3837585449219,901.7454528808594,1103.1195068359375,569.7320079803467,61.94569604047063,,,,,257.13419088903856,0.0
1783321868.9274776,safe,365.65799713134766,504.7470188140869,710.0068664550781,642.3921918869019,687.2739410400391,810.2846145629883,402.4504852294922,480.43822288513184,48.521769846260355,,,,,37.85816920103079,0.0
1783321868.9981647,safe,395.1921081542969,510.7666254043579,714.1370391845703,646.8710947036743,698.5242462158203,829.0985298156738,415.88050842285156,476.67866706848145,43.62691136160535,,,,,426.4051341204462,0.0
1783321869.0668776,safe,425.8811950683594,513.4322690963745,727.8855895996094,651.7388105392456,714.9008178710938,767.6537132263184,439.86549377441406,478.7955951690674,49.98740163596345,,,,,448.30905880220536,0.0
1783321869.131285,safe,469.31854248046875,513.8794040679932,727.5572967529297,652.6783561706543,757.3866271972656,764.232587814331,446.05663299560547,495.077805519104,34.18502455698363,,,,,674.4517454949154,0.0
1783321869.2047,safe,750.1424407958984,496.30720138549805,733.7744903564453,654.3509387969971,922.2489929199219,770.332145690918,735.7449340820312,495.5613327026367,24.226001247698193,,,,,3832.636156606139,0.0
1783321869.266999,safe,843.2210540771484,492.13977813720703,731.4865875244141,661.120662689209,958.9543914794922,773.4168148040771,858.9485168457031,497.7670955657959,43.78459873421124,,,,,1495.5591786295697,0.0
1783321869.3257413,safe,935.2547454833984,503.7316417694092,735.9725952148438,665.8131122589111,1049.8695373535156,828.0054759979248,954.6929168701172,507.0909261703491,46.155072158155306,,,,,1579.115125581788,0.0
1783321869.3892694,safe,1112.8854370117188,549.3558883666992,746.7559051513672,667.7650308609009,1062.413330078125,864.4185447692871,1098.6546325683594,542.5101184844971,64.50069542352531,,,,,2886.856351465635,0.0
1783321869.4514003,safe,1115.9546661376953,551.0781240463257,754.7135162353516,669.92431640625,1058.8531494140625,884.2332458496094,1111.7826080322266,558.226490020752,64.05184684743618,,,,,56.64509517615078,0.0
1783321869.512939,safe,1115.7061004638672,552.9562282562256,755.6012725830078,671.7185640335083,1054.20166015625,883.7349987030029,1105.8721923828125,565.8917713165283,63.8575278400234,,,,,30.785207640426272,0.0
1783321870.4673584,safe,397.02762603759766,532.0201921463013,736.5325164794922,650.1754903793335,713.7428283691406,845.059175491333,421.6139602661133,486.53374671936035,45.84324561505143,,,,,95.82370984815383,0.0
1783321870.5329187,safe,414.0958023071289,533.9788484573364,735.9300231933594,657.0464944839478,715.6725311279297,870.908031463623,424.7805404663086,485.5819272994995,42.46109001924589,,,,,262.05158705615946,0.0
1783321870.597998,safe,446.9774627685547,535.1661014556885,735.2156066894531,657.1561861038208,731.9917297363281,887.5391006469727,444.5020294189453,487.52753734588623,36.50665322095726,,,,,505.5852145891807,0.0
1783321870.7159877,safe,724.4110870361328,502.0737361907959,768.7226867675781,641.554741859436,904.3477630615234,800.1385688781738,731.4439392089844,502.1641159057617,10.412888632799644,,,,,4602.396229750526,0.0
1783321870.7745554,safe,802.1401214599609,503.2832193374634,746.8742370605469,652.7774047851562,943.8793182373047,793.3262729644775,829.9736022949219,498.827748298645,33.349488487250646,,,,,1327.3248051772268,0.0
1783321870.837616,safe,903.6087799072266,508.0308151245117,741.7453002929688,659.3367147445679,964.315185546875,797.3574829101562,890.4329681396484,501.5164804458618,44.173966323931516,,,,,1610.8281617282553,0.0
1783321870.900498,safe,1100.5414581298828,583.8963031768799,749.9702453613281,672.2210168838501,1034.5475769042969,892.7630138397217,1078.309326171875,577.1166229248047,60.11826620687169,,,,,3356.1366229380837,0.0
1783321870.964551,safe,1110.4781341552734,586.7086315155029,751.6021728515625,675.4263210296631,1030.30517578125,898.7911605834961,1101.1552429199219,593.9371204376221,64.37343172992408,,,,,161.2255551383976,0.0
1783321871.0190663,safe,1114.8622131347656,588.0123567581177,752.2694396972656,675.8398962020874,1019.9494934082031,892.1039199829102,1097.949447631836,596.4724731445312,65.84477541764375,,,,,83.89969148206694,0.0
1783321871.874518,safe,349.7132873535156,527.4165773391724,721.7131042480469,636.4236545562744,696.8559265136719,777.8072261810303,392.67024993896484,503.2988405227661,57.90721879846731,,,,,77.68217581627613,0.0
1783321871.9356341,safe,349.49729919433594,526.5940618515015,721.7010498046875,631.1247682571411,695.2671813964844,756.4164161682129,394.54139709472656,502.036657333374,61.68605821768806,,,,,13.914497032513365,0.0
1783321871.9982116,safe,416.1634063720703,540.7189178466797,723.8997650146484,632.2153759002686,717.9743957519531,763.7548542022705,431.8492889404297,503.49998474121094,50.290061301108054,,,,,1088.9863799631619,0.0
1783321872.057201,safe,466.82727813720703,548.7840414047241,720.1637268066406,632.6027727127075,760.6285095214844,771.5246772766113,456.1051940917969,513.4524393081665,33.48032127055099,,,,,869.6798626318464,0.0
1783321872.1196363,safe,516.694221496582,557.6719379425049,720.4536437988281,633.303279876709,782.1017456054688,764.2343044281006,492.62012481689453,519.9872446060181,24.631228871779296,,,,,811.2835854397658,0.0
1783321872.1852741,safe,891.7458343505859,502.5052070617676,721.5764617919922,649.1860771179199,914.7856140136719,769.3353080749512,851.2223815917969,520.1420831680298,43.8144868732226,,,,,5775.437506209366,0.0
1783321872.2484732,safe,986.9935607910156,515.7445049285889,736.99951171875,659.5212507247925,985.5506896972656,784.6187496185303,964.420166015625,522.104902267456,58.68159008940994,,,,,1521.5965510945532,0.0
1783321872.3099697,safe,1037.7189636230469,530.7706689834595,739.8087310791016,662.6062631607056,1041.1785888671875,866.6843032836914,1026.3348388671875,522.1769571304321,53.42822670309402,,,,,860.2795562345809,0.0
1783321872.3718493,safe,1091.4146423339844,551.0172700881958,748.9943695068359,668.7704515457153,1048.0135345458984,875.3353500366211,1087.7545166015625,546.8240976333618,62.260687354661556,,,,,927.3807242819051,0.0
1783321872.4396167,safe,1133.863525390625,564.9214124679565,752.4874114990234,667.9736423492432,1034.2906188964844,868.7661266326904,1120.621109008789,573.9956045150757,70.853001762389,,,,,659.1376009160124,0.0
1783321873.3588994,safe,358.0086898803711,546.0738515853882,733.2908630371094,632.2207832336426,693.5498809814453,741.5243625640869,392.2376251220703,511.6787052154541,72.64348387391239,,,,,149.93949338452367,0.0
1783321873.4244893,safe,378.09680938720703,545.7535743713379,731.7985534667969,632.5463819503784,709.4711303710938,743.6745071411133,407.55531311035156,512.5128936767578,63.92094341175706,,,,,306.30738981056294,0.0
1783321873.483954,safe,529.6606826782227,568.459997177124,730.1689147949219,632.805118560791,779.4380950927734,749.6122741699219,528.5494232177734,515.183515548706,24.072501074584196,,,,,2577.2487797644717,0.0
1783321873.5484834,safe,615.9809494018555,540.995979309082,732.7681732177734,629.1057729721069,819.5170593261719,751.6821670532227,605.2717971801758,516.6934061050415,7.06869804593684,,,,,1403.7628054275926,0.0
1783321873.604151,safe,690.0205993652344,539.878978729248,736.2065124511719,632.3497438430786,885.9687042236328,771.6128253936768,706.2075805664062,520.0154399871826,11.535385832782723,,,,,1330.1817165907485,0.0
1783321873.666303,safe,880.9584808349609,531.7350196838379,732.5897216796875,657.5898456573486,941.2303924560547,786.1449909210205,866.2580871582031,525.0281238555908,42.34054443723345,,,,,3074.9092942460775,0.0
1783321873.734785,safe,1085.025634765625,565.2204465866089,740.6759643554688,669.6694850921631,1029.0853118896484,881.7782306671143,1070.6867980957031,561.8415069580078,61.07624598320398,,,,,3019.7093600149346,0.0
1783321873.7951455,safe,1104.5436096191406,570.8607244491577,744.5852661132812,674.0855598449707,1039.7520446777344,890.5623149871826,1108.0134582519531,573.236517906189,65.88365299327099,,,,,336.58798535917884,0.0
1783321873.8607857,safe,1112.7835845947266,571.146068572998,746.2507629394531,674.6539735794067,1025.226821899414,886.0937118530273,1101.305160522461,579.5868730545044,66.78074315174564,,,,,125.60767222470194,0.0
1783321873.9316158,safe,1069.8944854736328,568.1437969207764,746.1012268066406,673.3938503265381,1014.56298828125,892.3584079742432,1064.9723815917969,576.7125749588013,59.872049380079616,,,,,607.0024938998928,0.0
1783321874.735198,safe,374.71553802490234,535.7051181793213,727.6567077636719,630.8173656463623,715.7066345214844,748.62135887146,411.5331268310547,502.6164436340332,56.8275649873994,,,,,537.6224340255529,0.0
1783321874.8016546,safe,438.56201171875,538.7304782867432,730.8100891113281,645.7877826690674,756.1444854736328,758.8840484619141,444.9591827392578,502.78844833374023,37.920468148691825,,,,,961.8029471824743,0.0
1783321874.8662012,safe,481.55189514160156,541.0833549499512,727.6963806152344,650.3770208358765,804.3199157714844,761.1105823516846,462.4463653564453,511.26959323883057,19.158883888389038,,,,,667.0255722378002,0.0
1783321874.9284055,safe,483.1557846069336,545.0895881652832,725.9666442871094,653.1742429733276,816.4302062988281,761.7806625366211,475.4034423828125,517.9833555221558,14.646768359839578,,,,,69.37397764378727,0.0
1783321874.9854891,safe,783.956298828125,497.7276563644409,726.0872650146484,653.0659675598145,948.6507415771484,762.9758548736572,786.2973022460938,515.0747680664062,30.4968982618399,,,,,5334.391823770648,0.0
1783321875.054803,safe,897.0148468017578,502.61112213134766,725.5484771728516,657.9596471786499,971.1028289794922,778.7346267700195,887.3589324951172,515.1364803314209,46.18509947004626,,,,,1632.633403405033,0.0
1783321875.1168916,safe,987.103271484375,517.148609161377,731.6574859619141,663.7460517883301,1017.6615905761719,842.4620246887207,979.4541168212891,514.8657274246216,51.34755038571361,,,,,1469.7327540985848,0.0
1783321875.1829436,safe,1041.0299682617188,532.3886632919312,734.9569702148438,665.6157875061035,987.5791168212891,839.904613494873,1028.8505554199219,518.085150718689,62.70542232335503,,,,,848.4049054033593,0.0
1783321875.2489445,safe,1079.127197265625,555.5349683761597,738.9806365966797,665.1743602752686,961.8873596191406,829.8831081390381,1067.3762512207031,556.1409330368042,74.61340664385158,,,,,675.4065180272239,0.0
1783321875.3123014,safe,1069.20654296875,551.139063835144,740.0553131103516,667.0489454269409,978.4223937988281,856.3106346130371,1064.8099517822266,562.5,67.93532031956278,,,,,171.26730034208552,0.0
1783321876.0653417,safe,344.2462921142578,537.1706771850586,760.9761810302734,632.6033306121826,723.1973266601562,787.168436050415,384.8769760131836,497.7883815765381,63.19316014189609,,,,,301.45616363943844,0.0
1783321876.1336107,safe,350.35022735595703,540.0757884979248,756.4251708984375,636.3549041748047,689.7785949707031,754.9202156066895,386.5291213989258,498.28855991363525,79.10039721250861,,,,,99.02013748133962,0.0
1783321876.1952069,safe,351.5614700317383,539.5046710968018,767.5913238525391,637.0427083969116,686.5716552734375,747.053918838501,394.38976287841797,501.29374980926514,86.30255642628092,,,,,21.740569734427662,0.0
1783321876.2986932,safe,553.6933135986328,539.1330242156982,1119.8826599121094,704.8106288909912,834.8541259765625,723.2260322570801,594.0514373779297,524.5309925079346,136.77603829601145,,,,,4731.998800158932,0.0
1783321876.4903166,safe,923.9312744140625,510.09693145751953,1061.420669555664,668.5961294174194,1033.7196350097656,858.3811283111572,953.5710906982422,606.5372371673584,25.95776757710666,,,,,6245.299204428354,0.0
1783321876.5493283,safe,1151.8368530273438,557.6320266723633,1072.9594421386719,544.3726873397827,1346.109619140625,772.4154281616211,1264.7212982177734,568.3147716522217,28.402359928104083,,,,,3945.1515356228183,0.0
1783321876.612437,safe,1128.1769561767578,576.4374017715454,755.9872436523438,622.0086050033569,1113.2160949707031,854.4822692871094,1160.1131439208984,587.205548286438,66.89710349115934,,,,,478.90480990283044,0.0
1783321877.5494943,safe,372.8684997558594,529.5065546035767,1105.17333984375,691.0008573532104,763.8929748535156,696.1489391326904,417.75169372558594,514.5247220993042,151.44928008745399,,,,,19.574473826393778,0.0
1783321877.6131048,safe,425.98716735839844,529.163875579834,1105.134048461914,688.6315870285034,765.1169586181641,701.9389057159424,431.5736770629883,513.1235361099243,148.24499984931973,,,,,835.0779833170561,0.0
1783321877.6717768,safe,467.22633361816406,529.7748184204102,1113.2066345214844,687.1176195144653,774.8463439941406,705.6070518493652,470.2687072753906,514.3667507171631,144.74805535877005,,,,,702.9541466896558,0.0
1783321877.733117,safe,516.5066146850586,529.5947456359863,1111.3056945800781,687.4929141998291,797.8654479980469,706.4906787872314,527.4291229248047,513.7424182891846,141.05288127210574,,,,,803.3965326187987,0.0
1783321877.916331,safe,1004.2375183105469,494.96644020080566,1083.4284973144531,660.7003927230835,1061.8025207519531,843.6391925811768,1043.568344116211,577.3497819900513,10.659105542554636,,,,,7647.9692314935455,0.0
1783321877.975542,safe,1123.943099975586,477.2965621948242,1291.2582397460938,490.7371759414673,1453.4278869628906,825.0607109069824,1245.5098724365234,566.1344146728516,12.88795191972775,,,,,2043.5840879357488,0.0
1783321878.0349672,safe,1153.9534759521484,545.042552947998,766.8653869628906,608.8969802856445,1179.7468566894531,824.8141193389893,1185.389175415039,580.1197528839111,63.71352649930919,,,,,1246.8716507178656,0.0
1783321878.954685,safe,377.5010299682617,566.9364595413208,1102.0610046386719,690.2800941467285,762.6383209228516,704.7369432449341,432.5941467285156,525.5658102035522,149.0648909649433,,,,,93.1005067031609,0.0
1783321879.0191813,safe,389.42970275878906,565.8959341049194,1100.0736999511719,692.9587841033936,760.2545166015625,705.4365062713623,432.92266845703125,526.2415981292725,149.19900898936237,,,,,185.6536374488111,0.0
1783321879.081576,safe,488.9314651489258,567.9486179351807,1110.391616821289,692.9528188705444,785.606689453125,710.7899379730225,477.9547882080078,527.4697065353394,146.06708243737538,,,,,1595.0502544776366,0.0
1783321879.141564,safe,540.7567596435547,569.2974901199341,1111.1296081542969,693.3054113388062,820.2021789550781,718.169059753418,550.511474609375,529.2535257339478,140.10433469400397,,,,,864.2233852189311,0.0
1783321879.336474,safe,1189.4264221191406,500.0430679321289,1349.9543762207031,534.8147535324097,1477.0176696777344,804.7697353363037,1249.3184661865234,520.1630258560181,13.455925285444549,,,,,10083.953266694189,0.0
1783321879.3988683,safe,1181.7805480957031,541.7285871505737,892.3100280761719,610.1867151260376,1286.0940551757812,803.644323348999,1210.204086303711,567.0155096054077,46.05437974612221,,,,,679.2424890579306,0.0
1783321879.4576166,safe,1172.8125762939453,560.2374601364136,733.8929748535156,625.1985454559326,1070.1971435546875,830.6647682189941,1162.4044036865234,563.2838916778564,77.6039466628132,,,,,350.08763507016926,0.0
1783321879.5188582,safe,1173.8251495361328,572.718358039856,711.7558288574219,643.0708122253418,1013.1542205810547,808.9787864685059,1164.1706848144531,579.9741840362549,94.57169026541276,,,,,204.46722522778887,0.0
1783321880.401164,safe,424.4100570678711,574.2904758453369,1106.6780853271484,695.3378820419312,824.6058654785156,822.4246788024902,507.4656295776367,565.2514743804932,116.70714391123565,,,,,569.5365649986181,0.0
1783321880.4697595,safe,466.28211975097656,570.2443313598633,1105.3678894042969,695.0567007064819,814.2144012451172,783.3987522125244,505.3892135620117,527.300705909729,123.45336315836552,,,,,613.2640735542191,0.0
1783321880.5297205,safe,512.2283554077148,566.1553144454956,1112.9051208496094,694.6029567718506,810.2485656738281,766.7711162567139,511.024169921875,525.1369142532349,127.66622897107965,,,,,769.2961637036309,0.0
1783321880.7663527,safe,894.1809844970703,542.1161985397339,1102.1451568603516,682.1460485458374,967.2166442871094,836.8941020965576,951.0968017578125,590.1466226577759,44.8237305945361,,,,,6637.536228980496,0.0
1783321880.8307276,safe,1232.897720336914,573.3044099807739,1419.4760131835938,558.4535980224609,1505.6416320800781,789.0670967102051,1319.9937438964844,580.5709218978882,21.194789250382478,,,,,5283.883116532133,0.0
1783321881.7511215,safe,348.78196716308594,560.0095796585083,1102.916488647461,687.1565008163452,762.9927062988281,697.5690507888794,417.7409362792969,524.3001079559326,151.59510175725185,,,,,415.79590763952814,0.0
1783321881.81369,safe,360.87955474853516,554.7567844390869,1103.291015625,687.3620653152466,759.0098571777344,681.7282247543335,410.0649642944336,524.3433666229248,156.66067220028808,,,,,210.78944011225508,0.0
1783321881.881197,safe,381.976318359375,551.6588973999023,1103.8728332519531,686.9559144973755,746.5077209472656,683.894419670105,419.77745056152344,519.173526763916,153.7358995355348,,,,,315.86340981300754,0.0
1783321881.9432988,safe,535.3450775146484,563.2605028152466,1105.3829193115234,686.8114185333252,788.154296875,705.6814670562744,520.701904296875,522.7956676483154,142.23123430657415,,,,,2476.6888307534628,0.0
1783321882.003689,safe,578.4830856323242,538.0139636993408,1111.3751220703125,685.3923797607422,823.87939453125,706.0839700698853,566.7798614501953,507.31919288635254,138.17564975136673,,,,,827.6628278552687,0.0
1783321882.1257567,safe,1203.794937133789,495.6972885131836,1453.0172729492188,511.82380199432373,1533.1298828125,793.826322555542,1284.0873718261719,571.6936683654785,32.409699243841914,,,,,10627.596972625593,0.0
1783321882.19051,safe,1185.2071380615234,561.919527053833,1381.3447570800781,505.3614377975464,1484.4168090820312,796.5432929992676,1309.0274047851562,545.9959602355957,15.500125569573504,,,,,1062.2081080265034,0.0
1783321882.2517033,safe,1172.312240600586,579.3489074707031,862.7654266357422,610.2639627456665,1274.831771850586,822.1648693084717,1237.1270751953125,582.3912191390991,53.849321282609445,,,,,354.30237507822216,0.0
1783321886.4395058,danger,407.9408264160156,542.0356464385986,737.8932189941406,669.0302610397339,753.1748962402344,833.5007858276367,433.03009033203125,518.4439659118652,40.15057013006902,,,,,6.102366107429527,0.0
1783321886.5060277,danger,408.1694793701172,541.6595363616943,737.0980072021484,668.9503955841064,719.9559020996094,835.706205368042,433.3134078979492,509.38633918762207,47.16563659994973,,,,,6.616772354836902,0.0
1783321886.5744717,danger,415.98289489746094,545.5246210098267,736.8804931640625,666.8657827377319,724.4198608398438,839.9877834320068,437.0810317993164,513.9499568939209,45.50671761830286,,,,,127.36145566234387,0.0
1783321886.6433024,danger,421.8062210083008,546.3786792755127,736.6020202636719,665.70556640625,728.4637451171875,842.0853137969971,438.88111114501953,505.0921869277954,43.31469246041135,,,,,85.50863548503563,0.0
1783321886.7019434,danger,432.55165100097656,547.9416131973267,743.6661529541016,665.6805896759033,732.5925445556641,842.6186656951904,444.72389221191406,510.7357692718506,44.518887317432075,,,,,185.1692204670611,0.0
1783321886.7677178,danger,497.14107513427734,555.5142402648926,742.3505401611328,668.4566116333008,763.0480194091797,897.5685024261475,494.5397186279297,525.3900718688965,30.646615096296035,,,,,988.7096754519722,0.0
1783321886.8265102,danger,514.1408920288086,553.6682796478271,742.0508575439453,672.3135423660278,772.15576171875,836.7815780639648,516.7011642456055,531.9788217544556,29.593483645605303,,,,,290.8498495281821,0.0
1783321886.886865,danger,534.0911865234375,557.355523109436,734.7612762451172,672.2429895401001,778.0601501464844,799.2127990722656,526.177978515625,532.4487447738647,24.526169657606317,,,,,336.14898298862767,0.0
1783321886.9502537,danger,554.1862106323242,559.0253591537476,730.9469604492188,665.4903030395508,793.2574462890625,785.278787612915,556.9910430908203,535.044264793396,15.873270591763337,,,,,318.104714820285,0.0
1783321887.0098927,danger,631.1195755004883,550.8428192138672,731.7221832275391,639.3620681762695,869.1044616699219,875.89599609375,638.3317947387695,536.4161825180054,4.058575606805842,,,,,1297.2604082646312,0.0
1783321887.0682912,danger,658.2040405273438,546.8802738189697,743.8022613525391,635.3491401672363,881.9075012207031,906.196117401123,677.3927307128906,537.653431892395,2.0100384851103645,,,,,468.72443427895615,0.0
1783321887.1283803,danger,674.3953704833984,540.0909376144409,751.9816589355469,631.486029624939,889.7611999511719,909.8111343383789,688.8816833496094,537.3462009429932,2.002244422115213,,,,,292.18556514013625,0.0
1783321887.1948633,danger,751.5910339355469,541.4483070373535,777.4708557128906,632.438235282898,947.2618103027344,931.0377502441406,762.1085357666016,536.6353940963745,4.475776816953627,,,,,1161.3129979533617,0.0
1783321887.2553613,danger,771.0346221923828,539.111909866333,783.5330200195312,633.891134262085,956.0372161865234,945.0600814819336,784.0767669677734,537.6485395431519,6.119220228576137,,,,,323.70424655105063,0.0
1783321887.3147826,danger,785.3632354736328,537.443962097168,797.3341369628906,627.7758693695068,949.2014312744141,846.2465572357178,788.2444763183594,534.0475988388062,7.530862799486662,,,,,242.7642380662992,0.0
1783321887.372206,danger,801.6944122314453,535.4894256591797,792.5877380371094,636.1308431625366,957.3505401611328,916.5793132781982,807.0222473144531,533.9440441131592,8.98545085274083,,,,,286.42913936231645,0.0
1783321887.4324827,danger,868.3714294433594,534.2849636077881,780.3253173828125,654.9126148223877,976.2876129150391,912.7572727203369,851.82861328125,529.0180063247681,19.265336141877654,,,,,1106.3618841033983,0.0
1783321887.4912121,danger,883.6405181884766,529.8398351669312,774.0865325927734,660.6461906433105,984.0102386474609,910.2790832519531,880.5323791503906,529.705638885498,24.850491868129655,,,,,270.78363524114144,0.0
1783321887.5490136,danger,900.2749633789062,530.4808616638184,770.1190185546875,667.5087404251099,991.7211151123047,910.0480270385742,893.4804534912109,530.1541042327881,27.918097638283196,,,,,287.9993813018059,0.0
1783321887.6144886,danger,973.6342620849609,541.9325637817383,770.0095367431641,671.1662006378174,1041.3526916503906,890.6323528289795,966.8865966796875,532.6407480239868,39.28300898999349,,,,,1133.986459177744,0.0
1783321887.6739292,danger,993.7727355957031,546.3671350479126,769.4197845458984,675.1987409591675,1043.6421203613281,890.9388542175293,987.8656005859375,540.4257202148438,42.76509107498607,,,,,346.9168306146324,0.0
1783321887.7355146,danger,1013.656005859375,544.5846033096313,769.6646881103516,678.0698204040527,1045.5375671386719,897.6120185852051,996.2465667724609,542.9557943344116,43.57447676485363,,,,,324.1515628194687,0.0
1783321887.798591,danger,1034.7723388671875,546.2242698669434,770.8348846435547,678.7307167053223,1038.622055053711,899.6131610870361,1017.3366546630859,548.7643003463745,47.010930816475444,,,,,335.7823928540748,0.0
1783321887.8572216,danger,1087.1964263916016,562.1588230133057,771.6146850585938,679.5092868804932,1062.1797180175781,909.6691703796387,1078.6959075927734,562.0263862609863,54.336877546184915,,,,,934.5323263410897,0.0
1783321887.9263299,danger,1094.0462493896484,560.2290058135986,771.8640899658203,679.734935760498,1074.6673583984375,916.1957359313965,1097.9884338378906,565.934944152832,55.82276655090187,,,,,102.97582360984151,0.0
1783321923.9977307,danger,403.4658432006836,585.3305768966675,683.1119537353516,654.8056697845459,677.5523376464844,892.2294044494629,446.4181137084961,588.6879730224609,38.6291869618724,,,,,129.1936924905932,0.0
1783321924.0588253,danger,398.3395004272461,588.0940246582031,690.5244445800781,654.8597002029419,680.8699798583984,893.3083820343018,438.60546112060547,587.5920009613037,40.71357792232947,,,,,95.32356032027208,0.0
1783321924.1192696,danger,391.7516326904297,590.3887939453125,707.6509094238281,655.5297803878784,691.5182495117188,895.1302242279053,429.3104934692383,583.1290197372437,43.8959002998563,,,,,115.41358536416129,0.0
1783321924.1803377,danger,384.2219543457031,598.7051439285278,708.7071990966797,655.52574634552,692.5491333007812,897.1207237243652,418.5225296020508,583.4003734588623,44.962660904850495,,,,,183.70705832695458,0.0
1783321924.2413433,danger,391.7146301269531,603.890905380249,703.5508728027344,656.0575103759766,693.4513092041016,897.5860977172852,420.2495574951172,586.5364980697632,43.68799276081623,,,,,149.36674521698487,0.0
1783321924.301685,danger,454.6570587158203,608.3987331390381,702.7665710449219,656.0197877883911,710.8026885986328,898.8633441925049,455.08201599121094,592.6277303695679,37.96809173582117,,,,,1045.7693823032496,0.0
1783321924.366995,danger,509.98931884765625,604.5399570465088,716.1189270019531,657.947244644165,749.9929046630859,913.6715412139893,492.0043182373047,592.0584154129028,31.18992440424474,,,,,849.282620583932,0.0
1783321924.4310489,danger,531.7118835449219,600.5832481384277,724.1554260253906,656.1937236785889,760.0865173339844,914.2175960540771,525.2437210083008,592.0552825927734,28.16274136702535,,,,,344.7100017120724,0.0
1783321924.498957,danger,553.4706878662109,592.1248054504395,727.9731750488281,650.4748678207397,755.7160186767578,800.035400390625,540.1616287231445,584.0861177444458,34.43888521071087,,,,,343.7742488186947,0.0
1783321924.5644658,danger,640.2835083007812,581.5936803817749,742.8273010253906,648.267388343811,825.1002502441406,881.9020843505859,640.7255554199219,568.9696598052979,11.106514479698816,,,,,1334.9227575824943,0.0
1783321924.6232936,danger,670.5611419677734,574.0307950973511,787.5360870361328,648.3946323394775,860.8336639404297,940.2955341339111,686.1489868164062,570.6629705429077,11.199173945318698,,,,,530.4949038302244,0.0
1783321924.6882935,danger,695.9046936035156,572.4192810058594,791.9222259521484,648.488359451294,893.5406494140625,956.8719291687012,715.3929901123047,571.0174512863159,6.544541191515586,,,,,390.68932638011586,0.0
1783321924.750941,danger,725.1706695556641,570.071382522583,779.5933532714844,648.7122058868408,911.2287902832031,953.3998203277588,728.3740997314453,567.651686668396,1.99618312038713,,,,,468.65347205360484,0.0
1783321924.8146029,danger,856.1519622802734,563.3520412445068,747.2856140136719,663.1855344772339,944.4893646240234,948.3860206604004,850.6057739257812,567.7553272247314,20.80657735273342,,,,,2060.1601322930587,0.0
1783321924.8723288,danger,872.4845886230469,558.8906478881836,728.6158752441406,666.4907884597778,941.7915344238281,947.8675174713135,877.9740905761719,564.8140811920166,27.689457093408194,,,,,293.2998314637439,0.0
1783321924.9333277,danger,895.5817413330078,556.7703723907471,726.005859375,673.364667892456,963.8066101074219,944.558744430542,900.2235412597656,565.4635190963745,31.725196967711042,,,,,380.24064187921346,0.0
1783321924.996075,danger,976.6246795654297,566.0963487625122,726.0742950439453,682.1405124664307,1007.6860809326172,937.7182960510254,971.4995574951172,566.8123054504395,42.202288653754536,,,,,1300.1012392881705,0.0
1783321925.0540354,danger,999.0265655517578,569.3870544433594,727.8786468505859,685.2220487594604,1019.7444152832031,936.4640522003174,995.2956390380859,567.5363731384277,45.486247009764135,,,,,390.6502659490441,0.0
1783321925.1124115,danger,1024.498062133789,570.9494304656982,734.7929382324219,686.0131072998047,1006.55029296875,938.1778335571289,1006.6165924072266,569.9079608917236,47.15195412901569,,,,,437.15458395475963,0.0
1783321925.171063,danger,1050.6561279296875,575.0909328460693,738.9133453369141,685.7739400863647,1021.4723205566406,937.5153064727783,1036.2860107421875,574.4865560531616,50.63777916840126,,,,,451.54709001053027,0.0
1783321925.236651,danger,1141.373062133789,596.2409019470215,746.1079406738281,686.5480899810791,1033.3097839355469,923.6373424530029,1115.9938049316406,594.3848991394043,64.55681238293424,,,,,1420.2261612687018,0.0
1783321926.4545608,danger,365.2848434448242,600.2203559875488,716.6106414794922,665.8406209945679,747.7717590332031,877.9684638977051,397.96363830566406,560.5993223190308,39.42674282605755,,,,,69.0601317823467,0.0
1783321926.5143785,danger,366.9811248779297,601.523609161377,714.1456604003906,666.3829851150513,746.3298034667969,884.2654323577881,395.19798278808594,564.1456747055054,39.2426149307286,,,,,35.76061855690071,0.0
1783321926.5803545,danger,406.64024353027344,602.5206184387207,714.3463897705078,664.0611362457275,757.8309631347656,896.2061977386475,425.9606170654297,571.9090175628662,35.05175882704355,,,,,601.3051149182797,0.0
1783321926.6393733,danger,425.2428436279297,603.3685398101807,713.5105895996094,664.0634107589722,763.8489532470703,905.0633239746094,442.50648498535156,574.8558855056763,32.42256570572975,,,,,315.5248608633394,0.0
1783321926.7026787,danger,480.3173828125,605.3234195709229,707.2297668457031,664.056887626648,764.9696350097656,915.7584285736084,443.3115005493164,574.6449995040894,30.398587411409967,,,,,870.5298732489399,0.0
1783321926.7668781,danger,521.7461395263672,602.2522258758545,714.5640563964844,663.8907623291016,768.6347961425781,805.3049755096436,467.67913818359375,574.5806694030762,31.600109814406075,,,,,647.0840331800654,0.0
1783321926.8279755,danger,536.6440963745117,599.8745441436768,714.5464324951172,655.294132232666,771.6133880615234,845.2456855773926,495.6938171386719,573.3106756210327,28.694914361546576,,,,,246.92547125101015,0.0
1783321926.8914933,danger,554.5711517333984,597.9059743881226,723.9684295654297,653.5259342193604,768.7984466552734,787.3708248138428,517.3295211791992,569.787712097168,30.614288850702135,,,,,283.9332165622031,0.0
1783321926.9495625,danger,573.7801742553711,591.1635875701904,730.4000091552734,648.71422290802,782.4563598632812,783.7732315063477,559.4541549682617,569.8101139068604,25.10668945709991,,,,,350.58076662292353,0.0
1783321927.0148365,danger,677.3137664794922,594.8058986663818,795.5979919433594,649.1318321228027,863.0657196044922,946.1378574371338,686.5402984619141,573.6430549621582,12.558195216001145,,,,,1587.1195328463436,0.0
1783321927.0743237,danger,703.5863494873047,590.804557800293,827.5626373291016,648.6202812194824,909.7850799560547,983.6175441741943,712.7070617675781,580.8088445663452,12.280438953517923,,,,,446.7445615916384,0.0
1783321927.1335516,danger,703.8595581054688,590.0071477890015,807.7104949951172,647.620096206665,909.8639678955078,971.4292430877686,720.3362274169922,583.109450340271,8.506526883194917,,,,,14.231711219831555,0.0
1783321927.1909487,danger,811.4495849609375,568.8013029098511,781.9879150390625,656.3345289230347,966.6598510742188,975.4038047790527,823.1068420410156,589.1413736343384,9.674139680917246,,,,,1910.547482560739,0.0
1783321927.251762,danger,830.9077453613281,569.4586801528931,769.6208190917969,664.4980573654175,971.2305450439453,960.2892780303955,854.1848754882812,581.6701555252075,17.099752929137715,1161.5,323.0,416.37756929030456,412.3507243231016,320.14867432223434,0.0
1783321927.3123085,danger,848.5597991943359,570.0900077819824,757.4403381347656,672.1227407455444,974.2829132080078,957.4380683898926,864.4808959960938,580.7152032852173,20.98558276297641,,,,,291.7311509449303,0.0
1783321927.3716292,danger,865.6272125244141,567.4242782592773,751.2776947021484,677.2211265563965,984.9691772460938,953.3537292480469,876.8687438964844,578.0524349212646,24.172967407235465,,,,,291.20256868466925,0.0
1783321927.4300504,danger,881.9269561767578,567.5986862182617,744.0831756591797,683.857684135437,997.9479217529297,952.0781993865967,896.5249633789062,578.8425922393799,28.2224929683079,,,,,279.0201992186356,0.0
1783321927.4920306,danger,937.6851654052734,567.4967622756958,744.3106842041016,692.6483774185181,1023.6839294433594,954.371337890625,941.937255859375,578.6419200897217,34.59386003534424,,,,,899.6140647426628,0.0
1783321927.5488672,danger,952.9983520507812,567.4904537200928,744.4345092773438,698.2306337356567,1037.2450256347656,953.3685779571533,963.4035491943359,577.7556324005127,37.81110656054806,,,,,269.42474705460546,0.0
1783321927.6131325,danger,973.9051818847656,567.967586517334,744.5066070556641,698.1268215179443,1037.6896667480469,951.8573570251465,968.3589935302734,574.146409034729,38.724843600645464,,,,,325.4056162146865,0.0
1783321927.672988,danger,1064.9231719970703,564.8495292663574,745.4795074462891,695.0701761245728,1038.4136962890625,935.3232765197754,1045.198974609375,574.702205657959,51.72066688134383,,,,,1521.5217010207834,0.0
1783321927.7322762,danger,1077.6395416259766,573.8527393341064,745.5807495117188,693.8237428665161,1043.1412506103516,930.5199337005615,1061.2821197509766,573.6758422851562,54.40954441763881,,,,,262.7987391989685,0.0
1783321929.4539106,danger,368.9680862426758,590.9376811981201,711.9747924804688,652.5026178359985,751.9506072998047,871.1026954650879,406.6544723510742,559.1961193084717,37.545165971455255,,,,,31.23976868314698,0.0
1783321929.5150542,danger,372.0909881591797,590.6078767776489,697.4534606933594,653.4199333190918,734.3673706054688,860.6793308258057,402.88330078125,559.5075559616089,37.64433752279157,,,,,51.358879547663385,0.0
1783321929.5795949,danger,376.7058563232422,589.4253444671631,691.7143249511719,652.7834987640381,733.7184906005859,849.8029518127441,403.74996185302734,559.0449285507202,36.57933700927889,,,,,73.81347794554877,0.0
1783321929.6393602,danger,427.10670471191406,582.4127197265625,691.9320678710938,648.4703350067139,736.8511199951172,866.3849258422852,439.2064666748047,558.9473390579224,32.42545374854895,,,,,851.4361116482424,0.0
1783321929.697774,danger,450.3929901123047,582.9473161697388,692.3714447021484,646.986837387085,743.2439422607422,867.8312587738037,450.8285140991211,545.1771354675293,29.213379134417675,,,,,398.74898482050924,0.0
1783321929.7579973,danger,470.7246398925781,583.4665489196777,700.6884002685547,637.328052520752,744.1279602050781,776.2180709838867,474.28585052490234,545.0018262863159,32.040416122864926,,,,,337.71422322572823,0.0
1783321929.8594785,danger,598.7534332275391,568.3599185943604,1080.2323150634766,588.451337814331,803.9274597167969,760.5301094055176,589.321403503418,540.9837484359741,102.43397952357195,,,,,2967.3199739181887,0.0
1783321929.9364393,danger,623.7789916992188,560.4958534240723,1085.9806823730469,601.0615396499634,803.9035797119141,753.0638694763184,592.846794128418,538.0691528320312,106.15163111061722,,,,,340.84989700595816,0.0
1783321930.0015748,danger,648.9138793945312,552.5093936920166,1082.7498626708984,602.4359035491943,796.6569519042969,751.241340637207,631.3710403442383,536.4596128463745,100.09990382688028,,,,,404.8977417921598,0.0
1783321930.0648046,danger,740.4935455322266,557.10373878479,1085.311508178711,609.6118640899658,852.6548767089844,766.5622043609619,738.6741638183594,540.5861806869507,82.76242276403735,,,,,1450.18391225863,0.0
1783321930.1252275,danger,765.6636810302734,553.5972547531128,1084.964828491211,609.6843910217285,854.7722625732422,767.5543212890625,752.1173858642578,539.1737079620361,79.7604717582511,,,,,420.589037002923,0.0
1783321930.186605,danger,783.5730743408203,553.9487314224243,1081.0797119140625,615.7784557342529,862.1620178222656,821.130952835083,797.1064758300781,549.1981744766235,60.28551789595686,,,,,291.8469227050497,0.0
1783321930.2478867,danger,866.5918731689453,557.3145389556885,1080.5033111572266,643.3498477935791,965.1979064941406,815.5062103271484,907.8565216064453,545.3193998336792,45.79506725030964,,,,,1355.8211665206363,0.0
1783321930.3040814,danger,886.4878082275391,556.8950843811035,1078.7144470214844,657.2166538238525,964.2985534667969,812.5480556488037,917.0960235595703,544.524736404419,46.36320726481789,,,,,354.13174191731787,0.0
1783321930.3627894,danger,905.0609588623047,556.4125442504883,1073.650894165039,652.480001449585,962.5445556640625,809.6275806427002,926.4912414550781,544.4016122817993,43.00205621321281,,,,,316.47191067617234,0.0
1783321930.4235904,danger,927.3688507080078,552.3527526855469,1068.1346130371094,653.9422559738159,985.6922912597656,819.9198818206787,956.1064910888672,546.4451122283936,32.58844841851888,,,,,372.926276812396,0.0
1783321930.4809349,danger,948.3503723144531,550.8607578277588,1053.9302062988281,665.1165103912354,996.0237884521484,849.1168212890625,978.5662841796875,547.8824329376221,20.785984820968835,,,,,366.80982117330745,0.0
1783321930.5386622,danger,1034.7651672363281,551.7141723632812,1119.6646881103516,636.5770769119263,1305.9603881835938,894.8296451568604,1148.5713195800781,595.6055402755737,8.061607617136097,,,,,1497.0205375256103,0.0
1783321932.1144958,danger,384.2135238647461,573.7271690368652,1022.6127624511719,640.6353235244751,715.3413391113281,798.20068359375,451.2908172607422,561.0959386825562,110.92943184829464,,,,,436.80334848692235,0.0
1783321932.1722052,danger,391.32556915283203,574.8097085952759,1022.2171783447266,641.7793607711792,692.3035430908203,735.115556716919,422.63805389404297,524.3288612365723,126.18989519003067,,,,,124.65827827900965,0.0
1783321932.2317615,danger,407.29583740234375,574.5801544189453,1026.6648864746094,641.6914701461792,710.9159851074219,724.6481609344482,432.33909606933594,515.8868551254272,128.43203674253124,,,,,268.1820812732807,0.0
1783321932.290435,danger,499.32838439941406,577.1409559249878,1033.3870697021484,642.9717206954956,721.2580108642578,732.9921913146973,476.1457061767578,533.4758806228638,124.76715201348095,,,,,1569.157772199651,0.0
1783321932.3545694,danger,525.5491638183594,575.8317375183105,1040.1615905761719,643.9659833908081,753.5498809814453,734.4034194946289,499.63844299316406,534.825611114502,124.31961072232747,,,,,409.3506872792894,0.0
1783321932.4136775,danger,538.1759262084961,572.4249458312988,1042.7191162109375,645.8155918121338,766.4317321777344,736.4253330230713,509.8902130126953,536.1062049865723,123.8585388178261,,,,,221.26064024288902,0.0
1783321932.4822376,danger,557.9256820678711,569.4923686981201,1046.1189270019531,645.7436656951904,772.6168823242188,740.4118251800537,528.4096145629883,524.5612049102783,119.43464559166064,,,,,291.22312245296564,0.0
1783321932.5415442,danger,647.0291900634766,553.0444622039795,1051.3606262207031,645.505485534668,804.4562530517578,733.9776992797852,605.2455902099609,526.7857646942139,114.16100914042268,,,,,1527.8037357305407,0.0
1783321932.6043625,danger,663.2241821289062,544.7507286071777,1054.4569396972656,645.4632997512817,822.4624633789062,737.7491855621338,638.6211395263672,528.270378112793,109.57826974853174,,,,,289.64746780787027,0.0
1783321932.6720119,danger,678.8405609130859,540.4984188079834,1057.203369140625,646.9134950637817,834.4456481933594,735.9936904907227,667.8324890136719,527.729172706604,106.8637342537223,,,,,239.2480019722321,0.0
1783321932.7368088,danger,741.1076354980469,537.102484703064,1056.7108154296875,645.8758449554443,848.3924865722656,754.9808979034424,726.8550109863281,525.8587503433228,90.30070483821679,,,,,962.3853336405283,0.0
1783321932.8008406,danger,758.0898284912109,535.0197601318359,1056.170654296875,643.1338548660278,889.1384124755859,758.8311767578125,784.1014099121094,521.1762142181396,79.13514436855822,,,,,267.20192509606454,0.0
1783321932.8641143,danger,775.2638244628906,533.6741065979004,1056.5382385253906,643.6566925048828,909.27001953125,732.5008964538574,834.0988159179688,520.1397228240967,78.39104080992475,,,,,272.2559719816209,0.0
1783321932.9332125,danger,852.9972839355469,537.2363805770874,1061.413803100586,654.279613494873,933.8558197021484,735.14817237854,893.6570739746094,512.2159624099731,67.84796355155588,,,,,1126.1509264251515,0.0
1783321932.989482,danger,873.2712554931641,536.5874576568604,1057.5714111328125,657.9901599884033,938.0702972412109,736.4370918273926,897.3988342285156,510.9381580352783,66.94102904931154,,,,,360.48636626842335,0.0
1783321933.0514977,danger,894.3804931640625,534.7027015686035,1056.6709899902344,657.5323390960693,945.8045196533203,791.1789608001709,931.3741302490234,513.9396572113037,42.65695582254156,,,,,341.73906128336955,0.0
1783321933.1140287,danger,985.897216796875,545.9883213043213,1045.9000396728516,657.2722721099854,984.7962188720703,823.7490463256836,1007.7302551269531,519.3216705322266,15.846973310068678,,,,,1474.6280063564193,0.0
1783321933.1835945,danger,1002.7360534667969,549.5666885375977,975.8644104003906,653.5249471664429,958.7442016601562,840.0704383850098,1002.2909545898438,548.8206052780151,3.260059309002021,,,,,247.46152230130198,0.0
1783321933.2576282,danger,1051.0572052001953,556.3664531707764,1351.6854858398438,595.3472328186035,1458.3697509765625,823.0565643310547,1258.38623046875,582.7886152267456,14.668216330925885,,,,,659.1216457311434,0.0
